{
  "project_info": {
    "project_number": "971026610125",
    "project_id": "protechapp-cabd0",
    "storage_bucket": "protechapp-cabd0.appspot.com"
  },
  "client": [
    {
      "client_info": {
        "mobilesdk_app_id": "1:971026610125:android:fdfc6f16d19bba3901f684",
        "android_client_info": {
          "package_name": "com.example.jeffriproject"
        }
      },
      "oauth_client": [
        {
          "client_id": "971026610125-p7ilrjrtlj9ihgudd10bn18hjcv0vp3t.apps.googleusercontent.com",
          "client_type": 3
        }
      ],
      "api_key": [
        {
          "current_key": "AIzaSyAMHcwCj4XykArTfLjAjPmqlaP2m-oxgXc"
        }
      ],
      "services": {
        "appinvite_service": {
          "other_platform_oauth_client": [
            {
              "client_id": "971026610125-p7ilrjrtlj9ihgudd10bn18hjcv0vp3t.apps.googleusercontent.com",
              "client_type": 3
            }
          ]
        }
      }
    }
  ],
  "configuration_version": "1"
}